{"chunk_definitions":[{"row":21,"row_count":1,"visible":true,"expansion_state":0,"options":{"engine":"r","message":false,"warning":false,"label":"unnamed-chunk-47"},"document_id":"F913106B","chunk_id":"cssoxxrtkwcmx","chunk_label":"unnamed-chunk-1"},{"row":32,"row_count":1,"visible":true,"expansion_state":0,"options":{"engine":"r","label":"unnamed-chunk-48"},"document_id":"F913106B","chunk_id":"cj5ubsqmmt70p","chunk_label":"unnamed-chunk-2"},{"row":41,"row_count":1,"visible":true,"expansion_state":0,"options":{},"document_id":"F913106B","chunk_id":"cctbfpzrqgbrt","chunk_label":"unnamed-chunk-3"},{"row":49,"row_count":1,"visible":true,"expansion_state":0,"options":{},"document_id":"F913106B","chunk_id":"cr6iz8dpn1l9n","chunk_label":"unnamed-chunk-4"},{"row":60,"row_count":1,"visible":true,"expansion_state":0,"options":{},"document_id":"F913106B","chunk_id":"cmcewg5cv8l6g","chunk_label":"unnamed-chunk-5"},{"row":86,"row_count":1,"visible":true,"expansion_state":0,"options":{},"document_id":"F913106B","chunk_id":"cdomc5w7m6dev","chunk_label":"unnamed-chunk-7"},{"row":103,"row_count":1,"visible":true,"expansion_state":0,"options":{},"document_id":"F913106B","chunk_id":"clns1w0e2jxbc","chunk_label":"unnamed-chunk-9"},{"row":119,"row_count":1,"visible":true,"expansion_state":0,"options":{},"document_id":"F913106B","chunk_id":"cvnent1e9pgy8","chunk_label":"unnamed-chunk-11"},{"row":131,"row_count":1,"visible":true,"expansion_state":0,"options":{},"document_id":"F913106B","chunk_id":"cae1ol5116hca","chunk_label":"unnamed-chunk-12"},{"row":160,"row_count":1,"visible":true,"expansion_state":0,"options":{},"document_id":"F913106B","chunk_id":"c6w46odl4nwv0","chunk_label":"unnamed-chunk-14"},{"row":187,"row_count":1,"visible":true,"expansion_state":0,"options":{},"document_id":"F913106B","chunk_id":"cdf51np308y31","chunk_label":"unnamed-chunk-16"}],"doc_write_time":1708966703,"chunk_rendered_width":700}