"0",""
"0","events_time$surface <- factor(events_time$surface, levels =c(""Grass"", ""Carpet"", ""Hard"", ""Clay""))"
"0","ggplot(data = events_time, aes(x = surface, y = seconds_added_per_point,color=surface)) +"
"0","  geom_boxplot(width=.3)+labs(x = ""Court surfaces used"", y = ""Seconds added per point"", title = ""Impact of Tennis Court Surfaces"", subtitle = ""on the average pace of the game"", caption = ""Source: FiveThirtyEight"")+ geom_hline(yintercept = 0, col =""blue"", linetype =""dashed"")+ geom_curve(x =""Grass"", xend=""Grass"", y =2, yend =0.3,arrow = arrow(length =unit(0.08,""inch"")), size =0.5,"
"0","              color =""gray20"", curvature = -0.3) +"
"0","   annotate(""text"", x =""Grass"", y =2.6, fontface =""italic"","
"0","            label =""no extra time added"")"
