{"chunk_definitions":[{"row":16,"row_count":1,"visible":true,"expansion_state":0,"options":{"engine":"r","echo":false,"warning":false,"message":false,"label":"unnamed-chunk-2"},"document_id":"4B585B53","chunk_id":"cqu3lmxsdtu4x","chunk_label":"unnamed-chunk-1"},{"row":28,"row_count":1,"visible":true,"expansion_state":0,"options":{"engine":"r","echo":false,"warning":false,"message":false,"label":"unnamed-chunk-3"},"document_id":"4B585B53","chunk_id":"cjrecjdzoarip","chunk_label":"unnamed-chunk-2"},{"row":54,"row_count":1,"visible":true,"expansion_state":0,"options":{"engine":"r","warning":false,"message":false,"label":"unnamed-chunk-4"},"document_id":"4B585B53","chunk_id":"ca0uve6huiuqd","chunk_label":"unnamed-chunk-3"},{"row":74,"row_count":1,"visible":true,"expansion_state":0,"options":{"engine":"r","warning":false,"message":false,"label":"unnamed-chunk-10"},"document_id":"4B585B53","chunk_id":"c3yjtvbst2lyt","chunk_label":"unnamed-chunk-4"},{"row":84,"row_count":1,"visible":true,"expansion_state":0,"options":{},"document_id":"3D664AA0","chunk_id":"cpfifyyrqziaw","chunk_label":"unnamed-chunk-5"},{"row":99,"row_count":1,"visible":true,"expansion_state":0,"options":{},"document_id":"3D664AA0","chunk_id":"c8yn6gx9jrnvj","chunk_label":"unnamed-chunk-6"},{"row":108,"row_count":1,"visible":true,"expansion_state":0,"options":{},"document_id":"3D664AA0","chunk_id":"ccmpw9kxbv4tt","chunk_label":"unnamed-chunk-7"}],"doc_write_time":1710990485}