{"chunk_definitions":[{"row":19,"row_count":1,"visible":true,"expansion_state":0,"options":{"engine":"r","warning":false,"message":false,"label":"unnamed-chunk-21"},"document_id":"397C894D","chunk_id":"c4398lk9p6nzo","chunk_label":"unnamed-chunk-1"},{"row":24,"row_count":1,"visible":true,"expansion_state":0,"options":{"engine":"r","echo":false,"warning":false,"message":false,"label":"unnamed-chunk-22"},"document_id":"397C894D","chunk_id":"cpivye2kbpltz","chunk_label":"unnamed-chunk-2"},{"row":39,"row_count":1,"visible":true,"expansion_state":0,"options":{"engine":"r","label":"unnamed-chunk-23"},"document_id":"397C894D","chunk_id":"cn0z5nru1mrss","chunk_label":"unnamed-chunk-3"},{"row":60,"row_count":1,"visible":true,"expansion_state":0,"options":{"engine":"r","label":"unnamed-chunk-24"},"document_id":"397C894D","chunk_id":"cx3cjudwcxg3i","chunk_label":"unnamed-chunk-4"},{"row":77,"row_count":1,"visible":true,"expansion_state":0,"options":{"engine":"r","label":"unnamed-chunk-25"},"document_id":"397C894D","chunk_id":"cxrrxbkk04obt","chunk_label":"unnamed-chunk-5"},{"row":95,"row_count":1,"visible":true,"expansion_state":0,"options":{"engine":"r","label":"unnamed-chunk-26"},"document_id":"397C894D","chunk_id":"caujlu0x5ytr7","chunk_label":"unnamed-chunk-7"},{"row":104,"row_count":1,"visible":true,"expansion_state":0,"options":{"engine":"r","label":"unnamed-chunk-27"},"document_id":"397C894D","chunk_id":"c2opkie4d7xuf","chunk_label":"unnamed-chunk-8"},{"row":119,"row_count":1,"visible":true,"expansion_state":0,"options":{"engine":"r","message":false,"label":"unnamed-chunk-28"},"document_id":"397C894D","chunk_id":"ce07fjq3wfv2a","chunk_label":"unnamed-chunk-9"},{"row":133,"row_count":1,"visible":true,"expansion_state":0,"options":{},"document_id":"397C894D","chunk_id":"c5vwglqmxoqmk","chunk_label":"unnamed-chunk-11"},{"row":142,"row_count":1,"visible":true,"expansion_state":0,"options":{},"document_id":"397C894D","chunk_id":"cpkkzc7vw84tk","chunk_label":"unnamed-chunk-12"}],"doc_write_time":1708533461,"chunk_rendered_width":400}