"0","#Type your code here"
"0","ggplot(data = babynames_lauren, mapping = aes(x = year, y = n)) +"
"0","  geom_line(linewidth=2)+labs(x = """", y="""", title=""Age Distribution of American Girls Named Lauren"", subtitle=""By year of birth"", caption=""Source: Social Security Administration"")+"
"0","  geom_text(x =1940, y =17000,label =""Number of Laurens \n born each year"","
"0","fontface =""bold"", family =""Times"")+"
"0","  scale_x_continuous(breaks = seq(1880,2010, by =10),labels = c(""1880"",""'90"",""1900"",""'10"", ""'20"",""'30"", ""'40"",""'50"",""'60"",""'70"",""'80"",""'90"",""2000"", ""'10""))+"
"0","  scale_y_continuous(breaks = seq(0,25000, by =5000),labels = c(""0"",""5"",""10"",""15"",""20"",""25k""))+"
"0","  geom_vline(xintercept =1994, col =""blue"", linetype =""dashed"")+ "
"0","  geom_curve(x =1985, xend=1994, y =3000, yend =5000,"
"0","             arrow = arrow(length =unit(0.08,""inch"")), size =0.5, "
"0","             color =""gray20"", curvature = -0.3) +"
"0","  annotate(""text"", x =1985, y =2000, fontface =""italic"","
"0","           label =""Lauren was \n born HERE"")+theme(axis.text.x = element_text(size =12),axis.text.y = element_text(size =12))"
"2","Warning: Using `size` aesthetic for lines was deprecated in ggplot2 3.4.0.
Please use `linewidth` instead."
