"0","#Type your code here"
"0","ggplot(data = babynames_lauren, mapping = aes(x = year, y = n)) +"
"0","  geom_line(linewidth=2)+labs(x = """", y="""", title=""Age Distribution of American Girls Named Lauren"", subtitle=""By year of birth"", caption=""Source: Social Security Administration"")+geom_text(x =1940, y =17000,label =""Number of Laurens \n born each year"","
"0","fontface =""bold"", family =""Times"")+scale_x_continuous(breaks = seq(1880,2010, by =10),labels = c(""1880"",""'90"",""1900"",""'10"", ""'20"",""'30"", ""'40"",""'50"",""'60"",""'70"",""'80"",""'90"",""2000"", ""'10""))+"
"0","scale_y_continuous(breaks = seq(0,25000, by =5000),labels = c(""0"",""5"",""10"",""15"",""20"",""25k""))+theme(axis.text.x = element_text(size =12),"
"0","axis.text.y = element_text(size =12))+theme_fivethirtyeight()"
